{"cameraMode":{"drawMode":0,"name":"Shaded","section":"Shading Mode"},"sceneLighting":true,"audioPlay":false,"sceneViewState":{"m_AlwaysRefresh":false,"showFog":true,"showSkybox":true,"showFlares":true,"showImageEffects":true,"showParticleSystems":true,"showVisualEffectGraphs":true,"m_FxEnabled":true},"in2DMode":false,"pivot":{"x":-5.311731338500977,"y":-14.848981857299805,"z":-31.697120666503908},"rotation":{"x":-0.04501136764883995,"y":0.9531809091567993,"z":-0.23964619636535645,"w":-0.17907105386257173},"size":33.512596130371097,"orthographic":false}