{"cameraMode":{"drawMode":0,"name":"Shaded","section":"Shading Mode"},"sceneLighting":false,"audioPlay":false,"sceneViewState":{"m_AlwaysRefresh":false,"showFog":true,"showSkybox":false,"showFlares":true,"showImageEffects":true,"showParticleSystems":true,"showVisualEffectGraphs":true,"m_FxEnabled":true},"in2DMode":false,"pivot":{"x":0.13744522631168366,"y":1.7342524528503419,"z":-2.991102933883667},"rotation":{"x":0.0001586600992595777,"y":0.999843180179596,"z":0.011689425446093083,"w":-0.014697104692459107},"size":2.352724552154541,"orthographic":false}